url,repository_url,labels_url,comments_url,events_url,html_url,id,node_id,number,title,user,labels,state,locked,assignee,assignees,milestone,comments,created_at,updated_at,closed_at,author_association,active_lock_reason,draft,pull_request,body,closed_by,reactions,timeline_url,performed_via_github_app,state_reason
https://api.github.com/repos/microsoft/vscode/issues/229348,https://api.github.com/repos/microsoft/vscode,https://api.github.com/repos/microsoft/vscode/issues/229348/labels{/name},https://api.github.com/repos/microsoft/vscode/issues/229348/comments,https://api.github.com/repos/microsoft/vscode/issues/229348/events,https://github.com/microsoft/vscode/pull/229348,2541985700,PR_kwDOAn8RLM58VbaV,229348,Store view state in async find,"{'login': 'benibenj', 'id': 44439583, 'node_id': 'MDQ6VXNlcjQ0NDM5NTgz', 'avatar_url': 'https://avatars.githubusercontent.com/u/44439583?v=4', 'gravatar_id': '', 'url': 'https://api.github.com/users/benibenj', 'html_url': 'https://github.com/benibenj', 'followers_url': 'https://api.github.com/users/benibenj/followers', 'following_url': 'https://api.github.com/users/benibenj/following{/other_user}', 'gists_url': 'https://api.github.com/users/benibenj/gists{/gist_id}', 'starred_url': 'https://api.github.com/users/benibenj/starred{/owner}{/repo}', 'subscriptions_url': 'https://api.github.com/users/benibenj/subscriptions', 'organizations_url': 'https://api.github.com/users/benibenj/orgs', 'repos_url': 'https://api.github.com/users/benibenj/repos', 'events_url': 'https://api.github.com/users/benibenj/events{/privacy}', 'received_events_url': 'https://api.github.com/users/benibenj/received_events', 'type': 'User', 'site_admin': False}",[],closed,False,"{'login': 'benibenj', 'id': 44439583, 'node_id': 'MDQ6VXNlcjQ0NDM5NTgz', 'avatar_url': 'https://avatars.githubusercontent.com/u/44439583?v=4', 'gravatar_id': '', 'url': 'https://api.github.com/users/benibenj', 'html_url': 'https://github.com/benibenj', 'followers_url': 'https://api.github.com/users/benibenj/followers', 'following_url': 'https://api.github.com/users/benibenj/following{/other_user}', 'gists_url': 'https://api.github.com/users/benibenj/gists{/gist_id}', 'starred_url': 'https://api.github.com/users/benibenj/starred{/owner}{/repo}', 'subscriptions_url': 'https://api.github.com/users/benibenj/subscriptions', 'organizations_url': 'https://api.github.com/users/benibenj/orgs', 'repos_url': 'https://api.github.com/users/benibenj/repos', 'events_url': 'https://api.github.com/users/benibenj/events{/privacy}', 'received_events_url': 'https://api.github.com/users/benibenj/received_events', 'type': 'User', 'site_admin': False}","[{'login': 'benibenj', 'id': 44439583, 'node_id': 'MDQ6VXNlcjQ0NDM5NTgz', 'avatar_url': 'https://avatars.githubusercontent.com/u/44439583?v=4', 'gravatar_id': '', 'url': 'https://api.github.com/users/benibenj', 'html_url': 'https://github.com/benibenj', 'followers_url': 'https://api.github.com/users/benibenj/followers', 'following_url': 'https://api.github.com/users/benibenj/following{/other_user}', 'gists_url': 'https://api.github.com/users/benibenj/gists{/gist_id}', 'starred_url': 'https://api.github.com/users/benibenj/starred{/owner}{/repo}', 'subscriptions_url': 'https://api.github.com/users/benibenj/subscriptions', 'organizations_url': 'https://api.github.com/users/benibenj/orgs', 'repos_url': 'https://api.github.com/users/benibenj/repos', 'events_url': 'https://api.github.com/users/benibenj/events{/privacy}', 'received_events_url': 'https://api.github.com/users/benibenj/received_events', 'type': 'User', 'site_admin': False}]","{'url': 'https://api.github.com/repos/microsoft/vscode/milestones/277', 'html_url': 'https://github.com/microsoft/vscode/milestone/277', 'labels_url': 'https://api.github.com/repos/microsoft/vscode/milestones/277/labels', 'id': 11361577, 'node_id': 'MI_kwDOAn8RLM4ArV0p', 'number': 277, 'title': 'September 2024', 'description': '', 'creator': {'login': 'Yoyokrazy', 'id': 12552271, 'node_id': 'MDQ6VXNlcjEyNTUyMjcx', 'avatar_url': 'https://avatars.githubusercontent.com/u/12552271?v=4', 'gravatar_id': '', 'url': 'https://api.github.com/users/Yoyokrazy', 'html_url': 'https://github.com/Yoyokrazy', 'followers_url': 'https://api.github.com/users/Yoyokrazy/followers', 'following_url': 'https://api.github.com/users/Yoyokrazy/following{/other_user}', 'gists_url': 'https://api.github.com/users/Yoyokrazy/gists{/gist_id}', 'starred_url': 'https://api.github.com/users/Yoyokrazy/starred{/owner}{/repo}', 'subscriptions_url': 'https://api.github.com/users/Yoyokrazy/subscriptions', 'organizations_url': 'https://api.github.com/users/Yoyokrazy/orgs', 'repos_url': 'https://api.github.com/users/Yoyokrazy/repos', 'events_url': 'https://api.github.com/users/Yoyokrazy/events{/privacy}', 'received_events_url': 'https://api.github.com/users/Yoyokrazy/received_events', 'type': 'User', 'site_admin': False}, 'open_issues': 282, 'closed_issues': 856, 'state': 'open', 'created_at': '2024-07-26T00:22:12Z', 'updated_at': '2024-09-23T09:46:45Z', 'due_on': '2024-10-04T07:00:00Z', 'closed_at': None}",0,2024-09-23T08:55:15Z,2024-09-23T09:14:29Z,2024-09-23T09:14:28Z,CONTRIBUTOR,,False,"{'url': 'https://api.github.com/repos/microsoft/vscode/pulls/229348', 'html_url': 'https://github.com/microsoft/vscode/pull/229348', 'diff_url': 'https://github.com/microsoft/vscode/pull/229348.diff', 'patch_url': 'https://github.com/microsoft/vscode/pull/229348.patch', 'merged_at': '2024-09-23T09:14:28Z'}",,"{'login': 'benibenj', 'id': 44439583, 'node_id': 'MDQ6VXNlcjQ0NDM5NTgz', 'avatar_url': 'https://avatars.githubusercontent.com/u/44439583?v=4', 'gravatar_id': '', 'url': 'https://api.github.com/users/benibenj', 'html_url': 'https://github.com/benibenj', 'followers_url': 'https://api.github.com/users/benibenj/followers', 'following_url': 'https://api.github.com/users/benibenj/following{/other_user}', 'gists_url': 'https://api.github.com/users/benibenj/gists{/gist_id}', 'starred_url': 'https://api.github.com/users/benibenj/starred{/owner}{/repo}', 'subscriptions_url': 'https://api.github.com/users/benibenj/subscriptions', 'organizations_url': 'https://api.github.com/users/benibenj/orgs', 'repos_url': 'https://api.github.com/users/benibenj/repos', 'events_url': 'https://api.github.com/users/benibenj/events{/privacy}', 'received_events_url': 'https://api.github.com/users/benibenj/received_events', 'type': 'User', 'site_admin': False}","{'url': 'https://api.github.com/repos/microsoft/vscode/issues/229348/reactions', 'total_count': 0, '+1': 0, '-1': 0, 'laugh': 0, 'hooray': 0, 'confused': 0, 'heart': 0, 'rocket': 0, 'eyes': 0}",https://api.github.com/repos/microsoft/vscode/issues/229348/timeline,,
https://api.github.com/repos/microsoft/vscode/issues/229347,https://api.github.com/repos/microsoft/vscode,https://api.github.com/repos/microsoft/vscode/issues/229347/labels{/name},https://api.github.com/repos/microsoft/vscode/issues/229347/comments,https://api.github.com/repos/microsoft/vscode/issues/229347/events,https://github.com/microsoft/vscode/pull/229347,2541985398,PR_kwDOAn8RLM58VbWM,229347,Update edit context at the end of emitType operation,"{'login': 'aiday-mar', 'id': 61460952, 'node_id': 'MDQ6VXNlcjYxNDYwOTUy', 'avatar_url': 'https://avatars.githubusercontent.com/u/61460952?v=4', 'gravatar_id': '', 'url': 'https://api.github.com/users/aiday-mar', 'html_url': 'https://github.com/aiday-mar', 'followers_url': 'https://api.github.com/users/aiday-mar/followers', 'following_url': 'https://api.github.com/users/aiday-mar/following{/other_user}', 'gists_url': 'https://api.github.com/users/aiday-mar/gists{/gist_id}', 'starred_url': 'https://api.github.com/users/aiday-mar/starred{/owner}{/repo}', 'subscriptions_url': 'https://api.github.com/users/aiday-mar/subscriptions', 'organizations_url': 'https://api.github.com/users/aiday-mar/orgs', 'repos_url': 'https://api.github.com/users/aiday-mar/repos', 'events_url': 'https://api.github.com/users/aiday-mar/events{/privacy}', 'received_events_url': 'https://api.github.com/users/aiday-mar/received_events', 'type': 'User', 'site_admin': False}",[],closed,False,"{'login': 'aiday-mar', 'id': 61460952, 'node_id': 'MDQ6VXNlcjYxNDYwOTUy', 'avatar_url': 'https://avatars.githubusercontent.com/u/61460952?v=4', 'gravatar_id': '', 'url': 'https://api.github.com/users/aiday-mar', 'html_url': 'https://github.com/aiday-mar', 'followers_url': 'https://api.github.com/users/aiday-mar/followers', 'following_url': 'https://api.github.com/users/aiday-mar/following{/other_user}', 'gists_url': 'https://api.github.com/users/aiday-mar/gists{/gist_id}', 'starred_url': 'https://api.github.com/users/aiday-mar/starred{/owner}{/repo}', 'subscriptions_url': 'https://api.github.com/users/aiday-mar/subscriptions', 'organizations_url': 'https://api.github.com/users/aiday-mar/orgs', 'repos_url': 'https://api.github.com/users/aiday-mar/repos', 'events_url': 'https://api.github.com/users/aiday-mar/events{/privacy}', 'received_events_url': 'https://api.github.com/users/aiday-mar/received_events', 'type': 'User', 'site_admin': False}","[{'login': 'aiday-mar', 'id': 61460952, 'node_id': 'MDQ6VXNlcjYxNDYwOTUy', 'avatar_url': 'https://avatars.githubusercontent.com/u/61460952?v=4', 'gravatar_id': '', 'url': 'https://api.github.com/users/aiday-mar', 'html_url': 'https://github.com/aiday-mar', 'followers_url': 'https://api.github.com/users/aiday-mar/followers', 'following_url': 'https://api.github.com/users/aiday-mar/following{/other_user}', 'gists_url': 'https://api.github.com/users/aiday-mar/gists{/gist_id}', 'starred_url': 'https://api.github.com/users/aiday-mar/starred{/owner}{/repo}', 'subscriptions_url': 'https://api.github.com/users/aiday-mar/subscriptions', 'organizations_url': 'https://api.github.com/users/aiday-mar/orgs', 'repos_url': 'https://api.github.com/users/aiday-mar/repos', 'events_url': 'https://api.github.com/users/aiday-mar/events{/privacy}', 'received_events_url': 'https://api.github.com/users/aiday-mar/received_events', 'type': 'User', 'site_admin': False}]","{'url': 'https://api.github.com/repos/microsoft/vscode/milestones/277', 'html_url': 'https://github.com/microsoft/vscode/milestone/277', 'labels_url': 'https://api.github.com/repos/microsoft/vscode/milestones/277/labels', 'id': 11361577, 'node_id': 'MI_kwDOAn8RLM4ArV0p', 'number': 277, 'title': 'September 2024', 'description': '', 'creator': {'login': 'Yoyokrazy', 'id': 12552271, 'node_id': 'MDQ6VXNlcjEyNTUyMjcx', 'avatar_url': 'https://avatars.githubusercontent.com/u/12552271?v=4', 'gravatar_id': '', 'url': 'https://api.github.com/users/Yoyokrazy', 'html_url': 'https://github.com/Yoyokrazy', 'followers_url': 'https://api.github.com/users/Yoyokrazy/followers', 'following_url': 'https://api.github.com/users/Yoyokrazy/following{/other_user}', 'gists_url': 'https://api.github.com/users/Yoyokrazy/gists{/gist_id}', 'starred_url': 'https://api.github.com/users/Yoyokrazy/starred{/owner}{/repo}', 'subscriptions_url': 'https://api.github.com/users/Yoyokrazy/subscriptions', 'organizations_url': 'https://api.github.com/users/Yoyokrazy/orgs', 'repos_url': 'https://api.github.com/users/Yoyokrazy/repos', 'events_url': 'https://api.github.com/users/Yoyokrazy/events{/privacy}', 'received_events_url': 'https://api.github.com/users/Yoyokrazy/received_events', 'type': 'User', 'site_admin': False}, 'open_issues': 282, 'closed_issues': 856, 'state': 'open', 'created_at': '2024-07-26T00:22:12Z', 'updated_at': '2024-09-23T09:46:45Z', 'due_on': '2024-10-04T07:00:00Z', 'closed_at': None}",0,2024-09-23T08:55:06Z,2024-09-23T09:13:48Z,2024-09-23T09:13:47Z,CONTRIBUTOR,,False,"{'url': 'https://api.github.com/repos/microsoft/vscode/pulls/229347', 'html_url': 'https://github.com/microsoft/vscode/pull/229347', 'diff_url': 'https://github.com/microsoft/vscode/pull/229347.diff', 'patch_url': 'https://github.com/microsoft/vscode/pull/229347.patch', 'merged_at': '2024-09-23T09:13:47Z'}","Update edit context at the end of emitType operation

No longer need to store the previous offset range which was introduced as a fix (which does not work)","{'login': 'aiday-mar', 'id': 61460952, 'node_id': 'MDQ6VXNlcjYxNDYwOTUy', 'avatar_url': 'https://avatars.githubusercontent.com/u/61460952?v=4', 'gravatar_id': '', 'url': 'https://api.github.com/users/aiday-mar', 'html_url': 'https://github.com/aiday-mar', 'followers_url': 'https://api.github.com/users/aiday-mar/followers', 'following_url': 'https://api.github.com/users/aiday-mar/following{/other_user}', 'gists_url': 'https://api.github.com/users/aiday-mar/gists{/gist_id}', 'starred_url': 'https://api.github.com/users/aiday-mar/starred{/owner}{/repo}', 'subscriptions_url': 'https://api.github.com/users/aiday-mar/subscriptions', 'organizations_url': 'https://api.github.com/users/aiday-mar/orgs', 'repos_url': 'https://api.github.com/users/aiday-mar/repos', 'events_url': 'https://api.github.com/users/aiday-mar/events{/privacy}', 'received_events_url': 'https://api.github.com/users/aiday-mar/received_events', 'type': 'User', 'site_admin': False}","{'url': 'https://api.github.com/repos/microsoft/vscode/issues/229347/reactions', 'total_count': 0, '+1': 0, '-1': 0, 'laugh': 0, 'hooray': 0, 'confused': 0, 'heart': 0, 'rocket': 0, 'eyes': 0}",https://api.github.com/repos/microsoft/vscode/issues/229347/timeline,,
https://api.github.com/repos/microsoft/vscode/issues/229340,https://api.github.com/repos/microsoft/vscode,https://api.github.com/repos/microsoft/vscode/issues/229340/labels{/name},https://api.github.com/repos/microsoft/vscode/issues/229340/comments,https://api.github.com/repos/microsoft/vscode/issues/229340/events,https://github.com/microsoft/vscode/pull/229340,2541841000,PR_kwDOAn8RLM58U7Sm,229340,update endgame notebook,"{'login': 'bpasero', 'id': 900690, 'node_id': 'MDQ6VXNlcjkwMDY5MA==', 'avatar_url': 'https://avatars.githubusercontent.com/u/900690?v=4', 'gravatar_id': '', 'url': 'https://api.github.com/users/bpasero', 'html_url': 'https://github.com/bpasero', 'followers_url': 'https://api.github.com/users/bpasero/followers', 'following_url': 'https://api.github.com/users/bpasero/following{/other_user}', 'gists_url': 'https://api.github.com/users/bpasero/gists{/gist_id}', 'starred_url': 'https://api.github.com/users/bpasero/starred{/owner}{/repo}', 'subscriptions_url': 'https://api.github.com/users/bpasero/subscriptions', 'organizations_url': 'https://api.github.com/users/bpasero/orgs', 'repos_url': 'https://api.github.com/users/bpasero/repos', 'events_url': 'https://api.github.com/users/bpasero/events{/privacy}', 'received_events_url': 'https://api.github.com/users/bpasero/received_events', 'type': 'User', 'site_admin': True}",[],closed,False,"{'login': 'bpasero', 'id': 900690, 'node_id': 'MDQ6VXNlcjkwMDY5MA==', 'avatar_url': 'https://avatars.githubusercontent.com/u/900690?v=4', 'gravatar_id': '', 'url': 'https://api.github.com/users/bpasero', 'html_url': 'https://github.com/bpasero', 'followers_url': 'https://api.github.com/users/bpasero/followers', 'following_url': 'https://api.github.com/users/bpasero/following{/other_user}', 'gists_url': 'https://api.github.com/users/bpasero/gists{/gist_id}', 'starred_url': 'https://api.github.com/users/bpasero/starred{/owner}{/repo}', 'subscriptions_url': 'https://api.github.com/users/bpasero/subscriptions', 'organizations_url': 'https://api.github.com/users/bpasero/orgs', 'repos_url': 'https://api.github.com/users/bpasero/repos', 'events_url': 'https://api.github.com/users/bpasero/events{/privacy}', 'received_events_url': 'https://api.github.com/users/bpasero/received_events', 'type': 'User', 'site_admin': True}","[{'login': 'bpasero', 'id': 900690, 'node_id': 'MDQ6VXNlcjkwMDY5MA==', 'avatar_url': 'https://avatars.githubusercontent.com/u/900690?v=4', 'gravatar_id': '', 'url': 'https://api.github.com/users/bpasero', 'html_url': 'https://github.com/bpasero', 'followers_url': 'https://api.github.com/users/bpasero/followers', 'following_url': 'https://api.github.com/users/bpasero/following{/other_user}', 'gists_url': 'https://api.github.com/users/bpasero/gists{/gist_id}', 'starred_url': 'https://api.github.com/users/bpasero/starred{/owner}{/repo}', 'subscriptions_url': 'https://api.github.com/users/bpasero/subscriptions', 'organizations_url': 'https://api.github.com/users/bpasero/orgs', 'repos_url': 'https://api.github.com/users/bpasero/repos', 'events_url': 'https://api.github.com/users/bpasero/events{/privacy}', 'received_events_url': 'https://api.github.com/users/bpasero/received_events', 'type': 'User', 'site_admin': True}]","{'url': 'https://api.github.com/repos/microsoft/vscode/milestones/277', 'html_url': 'https://github.com/microsoft/vscode/milestone/277', 'labels_url': 'https://api.github.com/repos/microsoft/vscode/milestones/277/labels', 'id': 11361577, 'node_id': 'MI_kwDOAn8RLM4ArV0p', 'number': 277, 'title': 'September 2024', 'description': '', 'creator': {'login': 'Yoyokrazy', 'id': 12552271, 'node_id': 'MDQ6VXNlcjEyNTUyMjcx', 'avatar_url': 'https://avatars.githubusercontent.com/u/12552271?v=4', 'gravatar_id': '', 'url': 'https://api.github.com/users/Yoyokrazy', 'html_url': 'https://github.com/Yoyokrazy', 'followers_url': 'https://api.github.com/users/Yoyokrazy/followers', 'following_url': 'https://api.github.com/users/Yoyokrazy/following{/other_user}', 'gists_url': 'https://api.github.com/users/Yoyokrazy/gists{/gist_id}', 'starred_url': 'https://api.github.com/users/Yoyokrazy/starred{/owner}{/repo}', 'subscriptions_url': 'https://api.github.com/users/Yoyokrazy/subscriptions', 'organizations_url': 'https://api.github.com/users/Yoyokrazy/orgs', 'repos_url': 'https://api.github.com/users/Yoyokrazy/repos', 'events_url': 'https://api.github.com/users/Yoyokrazy/events{/privacy}', 'received_events_url': 'https://api.github.com/users/Yoyokrazy/received_events', 'type': 'User', 'site_admin': False}, 'open_issues': 282, 'closed_issues': 856, 'state': 'open', 'created_at': '2024-07-26T00:22:12Z', 'updated_at': '2024-09-23T09:46:45Z', 'due_on': '2024-10-04T07:00:00Z', 'closed_at': None}",0,2024-09-23T07:48:23Z,2024-09-23T08:07:30Z,2024-09-23T08:07:29Z,MEMBER,,False,"{'url': 'https://api.github.com/repos/microsoft/vscode/pulls/229340', 'html_url': 'https://github.com/microsoft/vscode/pull/229340', 'diff_url': 'https://github.com/microsoft/vscode/pull/229340.diff', 'patch_url': 'https://github.com/microsoft/vscode/pull/229340.patch', 'merged_at': '2024-09-23T08:07:29Z'}","<!-- Thank you for submitting a Pull Request. Please:
* Read our Pull Request guidelines:
  https://github.com/microsoft/vscode/wiki/How-to-Contribute#pull-requests
* Associate an issue with the Pull Request.
* Ensure that the code is up-to-date with the `main` branch.
* Include a description of the proposed changes and how to test them.
-->
","{'login': 'bpasero', 'id': 900690, 'node_id': 'MDQ6VXNlcjkwMDY5MA==', 'avatar_url': 'https://avatars.githubusercontent.com/u/900690?v=4', 'gravatar_id': '', 'url': 'https://api.github.com/users/bpasero', 'html_url': 'https://github.com/bpasero', 'followers_url': 'https://api.github.com/users/bpasero/followers', 'following_url': 'https://api.github.com/users/bpasero/following{/other_user}', 'gists_url': 'https://api.github.com/users/bpasero/gists{/gist_id}', 'starred_url': 'https://api.github.com/users/bpasero/starred{/owner}{/repo}', 'subscriptions_url': 'https://api.github.com/users/bpasero/subscriptions', 'organizations_url': 'https://api.github.com/users/bpasero/orgs', 'repos_url': 'https://api.github.com/users/bpasero/repos', 'events_url': 'https://api.github.com/users/bpasero/events{/privacy}', 'received_events_url': 'https://api.github.com/users/bpasero/received_events', 'type': 'User', 'site_admin': True}","{'url': 'https://api.github.com/repos/microsoft/vscode/issues/229340/reactions', 'total_count': 0, '+1': 0, '-1': 0, 'laugh': 0, 'hooray': 0, 'confused': 0, 'heart': 0, 'rocket': 0, 'eyes': 0}",https://api.github.com/repos/microsoft/vscode/issues/229340/timeline,,
https://api.github.com/repos/microsoft/vscode/issues/229338,https://api.github.com/repos/microsoft/vscode,https://api.github.com/repos/microsoft/vscode/issues/229338/labels{/name},https://api.github.com/repos/microsoft/vscode/issues/229338/comments,https://api.github.com/repos/microsoft/vscode/issues/229338/events,https://github.com/microsoft/vscode/pull/229338,2541836641,PR_kwDOAn8RLM58U6W7,229338,chore: remove forceAllocationsToV8Sandbox feature,"{'login': 'deepak1556', 'id': 964386, 'node_id': 'MDQ6VXNlcjk2NDM4Ng==', 'avatar_url': 'https://avatars.githubusercontent.com/u/964386?v=4', 'gravatar_id': '', 'url': 'https://api.github.com/users/deepak1556', 'html_url': 'https://github.com/deepak1556', 'followers_url': 'https://api.github.com/users/deepak1556/followers', 'following_url': 'https://api.github.com/users/deepak1556/following{/other_user}', 'gists_url': 'https://api.github.com/users/deepak1556/gists{/gist_id}', 'starred_url': 'https://api.github.com/users/deepak1556/starred{/owner}{/repo}', 'subscriptions_url': 'https://api.github.com/users/deepak1556/subscriptions', 'organizations_url': 'https://api.github.com/users/deepak1556/orgs', 'repos_url': 'https://api.github.com/users/deepak1556/repos', 'events_url': 'https://api.github.com/users/deepak1556/events{/privacy}', 'received_events_url': 'https://api.github.com/users/deepak1556/received_events', 'type': 'User', 'site_admin': False}",[],closed,False,"{'login': 'deepak1556', 'id': 964386, 'node_id': 'MDQ6VXNlcjk2NDM4Ng==', 'avatar_url': 'https://avatars.githubusercontent.com/u/964386?v=4', 'gravatar_id': '', 'url': 'https://api.github.com/users/deepak1556', 'html_url': 'https://github.com/deepak1556', 'followers_url': 'https://api.github.com/users/deepak1556/followers', 'following_url': 'https://api.github.com/users/deepak1556/following{/other_user}', 'gists_url': 'https://api.github.com/users/deepak1556/gists{/gist_id}', 'starred_url': 'https://api.github.com/users/deepak1556/starred{/owner}{/repo}', 'subscriptions_url': 'https://api.github.com/users/deepak1556/subscriptions', 'organizations_url': 'https://api.github.com/users/deepak1556/orgs', 'repos_url': 'https://api.github.com/users/deepak1556/repos', 'events_url': 'https://api.github.com/users/deepak1556/events{/privacy}', 'received_events_url': 'https://api.github.com/users/deepak1556/received_events', 'type': 'User', 'site_admin': False}","[{'login': 'deepak1556', 'id': 964386, 'node_id': 'MDQ6VXNlcjk2NDM4Ng==', 'avatar_url': 'https://avatars.githubusercontent.com/u/964386?v=4', 'gravatar_id': '', 'url': 'https://api.github.com/users/deepak1556', 'html_url': 'https://github.com/deepak1556', 'followers_url': 'https://api.github.com/users/deepak1556/followers', 'following_url': 'https://api.github.com/users/deepak1556/following{/other_user}', 'gists_url': 'https://api.github.com/users/deepak1556/gists{/gist_id}', 'starred_url': 'https://api.github.com/users/deepak1556/starred{/owner}{/repo}', 'subscriptions_url': 'https://api.github.com/users/deepak1556/subscriptions', 'organizations_url': 'https://api.github.com/users/deepak1556/orgs', 'repos_url': 'https://api.github.com/users/deepak1556/repos', 'events_url': 'https://api.github.com/users/deepak1556/events{/privacy}', 'received_events_url': 'https://api.github.com/users/deepak1556/received_events', 'type': 'User', 'site_admin': False}]","{'url': 'https://api.github.com/repos/microsoft/vscode/milestones/277', 'html_url': 'https://github.com/microsoft/vscode/milestone/277', 'labels_url': 'https://api.github.com/repos/microsoft/vscode/milestones/277/labels', 'id': 11361577, 'node_id': 'MI_kwDOAn8RLM4ArV0p', 'number': 277, 'title': 'September 2024', 'description': '', 'creator': {'login': 'Yoyokrazy', 'id': 12552271, 'node_id': 'MDQ6VXNlcjEyNTUyMjcx', 'avatar_url': 'https://avatars.githubusercontent.com/u/12552271?v=4', 'gravatar_id': '', 'url': 'https://api.github.com/users/Yoyokrazy', 'html_url': 'https://github.com/Yoyokrazy', 'followers_url': 'https://api.github.com/users/Yoyokrazy/followers', 'following_url': 'https://api.github.com/users/Yoyokrazy/following{/other_user}', 'gists_url': 'https://api.github.com/users/Yoyokrazy/gists{/gist_id}', 'starred_url': 'https://api.github.com/users/Yoyokrazy/starred{/owner}{/repo}', 'subscriptions_url': 'https://api.github.com/users/Yoyokrazy/subscriptions', 'organizations_url': 'https://api.github.com/users/Yoyokrazy/orgs', 'repos_url': 'https://api.github.com/users/Yoyokrazy/repos', 'events_url': 'https://api.github.com/users/Yoyokrazy/events{/privacy}', 'received_events_url': 'https://api.github.com/users/Yoyokrazy/received_events', 'type': 'User', 'site_admin': False}, 'open_issues': 282, 'closed_issues': 856, 'state': 'open', 'created_at': '2024-07-26T00:22:12Z', 'updated_at': '2024-09-23T09:46:45Z', 'due_on': '2024-10-04T07:00:00Z', 'closed_at': None}",0,2024-09-23T07:46:09Z,2024-09-23T08:04:51Z,2024-09-23T08:04:50Z,COLLABORATOR,,False,"{'url': 'https://api.github.com/repos/microsoft/vscode/pulls/229338', 'html_url': 'https://github.com/microsoft/vscode/pull/229338', 'diff_url': 'https://github.com/microsoft/vscode/pull/229338.diff', 'patch_url': 'https://github.com/microsoft/vscode/pull/229338.patch', 'merged_at': '2024-09-23T08:04:50Z'}",Refs https://github.com/microsoft/vscode/issues/202385,"{'login': 'deepak1556', 'id': 964386, 'node_id': 'MDQ6VXNlcjk2NDM4Ng==', 'avatar_url': 'https://avatars.githubusercontent.com/u/964386?v=4', 'gravatar_id': '', 'url': 'https://api.github.com/users/deepak1556', 'html_url': 'https://github.com/deepak1556', 'followers_url': 'https://api.github.com/users/deepak1556/followers', 'following_url': 'https://api.github.com/users/deepak1556/following{/other_user}', 'gists_url': 'https://api.github.com/users/deepak1556/gists{/gist_id}', 'starred_url': 'https://api.github.com/users/deepak1556/starred{/owner}{/repo}', 'subscriptions_url': 'https://api.github.com/users/deepak1556/subscriptions', 'organizations_url': 'https://api.github.com/users/deepak1556/orgs', 'repos_url': 'https://api.github.com/users/deepak1556/repos', 'events_url': 'https://api.github.com/users/deepak1556/events{/privacy}', 'received_events_url': 'https://api.github.com/users/deepak1556/received_events', 'type': 'User', 'site_admin': False}","{'url': 'https://api.github.com/repos/microsoft/vscode/issues/229338/reactions', 'total_count': 0, '+1': 0, '-1': 0, 'laugh': 0, 'hooray': 0, 'confused': 0, 'heart': 0, 'rocket': 0, 'eyes': 0}",https://api.github.com/repos/microsoft/vscode/issues/229338/timeline,,
https://api.github.com/repos/microsoft/vscode/issues/229336,https://api.github.com/repos/microsoft/vscode,https://api.github.com/repos/microsoft/vscode/issues/229336/labels{/name},https://api.github.com/repos/microsoft/vscode/issues/229336/comments,https://api.github.com/repos/microsoft/vscode/issues/229336/events,https://github.com/microsoft/vscode/pull/229336,2541802809,PR_kwDOAn8RLM58Uy0L,229336,Fix up Walkthrough back button alignment,"{'login': 'bhavyaus', 'id': 25044782, 'node_id': 'MDQ6VXNlcjI1MDQ0Nzgy', 'avatar_url': 'https://avatars.githubusercontent.com/u/25044782?v=4', 'gravatar_id': '', 'url': 'https://api.github.com/users/bhavyaus', 'html_url': 'https://github.com/bhavyaus', 'followers_url': 'https://api.github.com/users/bhavyaus/followers', 'following_url': 'https://api.github.com/users/bhavyaus/following{/other_user}', 'gists_url': 'https://api.github.com/users/bhavyaus/gists{/gist_id}', 'starred_url': 'https://api.github.com/users/bhavyaus/starred{/owner}{/repo}', 'subscriptions_url': 'https://api.github.com/users/bhavyaus/subscriptions', 'organizations_url': 'https://api.github.com/users/bhavyaus/orgs', 'repos_url': 'https://api.github.com/users/bhavyaus/repos', 'events_url': 'https://api.github.com/users/bhavyaus/events{/privacy}', 'received_events_url': 'https://api.github.com/users/bhavyaus/received_events', 'type': 'User', 'site_admin': True}",[],closed,False,"{'login': 'bhavyaus', 'id': 25044782, 'node_id': 'MDQ6VXNlcjI1MDQ0Nzgy', 'avatar_url': 'https://avatars.githubusercontent.com/u/25044782?v=4', 'gravatar_id': '', 'url': 'https://api.github.com/users/bhavyaus', 'html_url': 'https://github.com/bhavyaus', 'followers_url': 'https://api.github.com/users/bhavyaus/followers', 'following_url': 'https://api.github.com/users/bhavyaus/following{/other_user}', 'gists_url': 'https://api.github.com/users/bhavyaus/gists{/gist_id}', 'starred_url': 'https://api.github.com/users/bhavyaus/starred{/owner}{/repo}', 'subscriptions_url': 'https://api.github.com/users/bhavyaus/subscriptions', 'organizations_url': 'https://api.github.com/users/bhavyaus/orgs', 'repos_url': 'https://api.github.com/users/bhavyaus/repos', 'events_url': 'https://api.github.com/users/bhavyaus/events{/privacy}', 'received_events_url': 'https://api.github.com/users/bhavyaus/received_events', 'type': 'User', 'site_admin': True}","[{'login': 'bhavyaus', 'id': 25044782, 'node_id': 'MDQ6VXNlcjI1MDQ0Nzgy', 'avatar_url': 'https://avatars.githubusercontent.com/u/25044782?v=4', 'gravatar_id': '', 'url': 'https://api.github.com/users/bhavyaus', 'html_url': 'https://github.com/bhavyaus', 'followers_url': 'https://api.github.com/users/bhavyaus/followers', 'following_url': 'https://api.github.com/users/bhavyaus/following{/other_user}', 'gists_url': 'https://api.github.com/users/bhavyaus/gists{/gist_id}', 'starred_url': 'https://api.github.com/users/bhavyaus/starred{/owner}{/repo}', 'subscriptions_url': 'https://api.github.com/users/bhavyaus/subscriptions', 'organizations_url': 'https://api.github.com/users/bhavyaus/orgs', 'repos_url': 'https://api.github.com/users/bhavyaus/repos', 'events_url': 'https://api.github.com/users/bhavyaus/events{/privacy}', 'received_events_url': 'https://api.github.com/users/bhavyaus/received_events', 'type': 'User', 'site_admin': True}]","{'url': 'https://api.github.com/repos/microsoft/vscode/milestones/277', 'html_url': 'https://github.com/microsoft/vscode/milestone/277', 'labels_url': 'https://api.github.com/repos/microsoft/vscode/milestones/277/labels', 'id': 11361577, 'node_id': 'MI_kwDOAn8RLM4ArV0p', 'number': 277, 'title': 'September 2024', 'description': '', 'creator': {'login': 'Yoyokrazy', 'id': 12552271, 'node_id': 'MDQ6VXNlcjEyNTUyMjcx', 'avatar_url': 'https://avatars.githubusercontent.com/u/12552271?v=4', 'gravatar_id': '', 'url': 'https://api.github.com/users/Yoyokrazy', 'html_url': 'https://github.com/Yoyokrazy', 'followers_url': 'https://api.github.com/users/Yoyokrazy/followers', 'following_url': 'https://api.github.com/users/Yoyokrazy/following{/other_user}', 'gists_url': 'https://api.github.com/users/Yoyokrazy/gists{/gist_id}', 'starred_url': 'https://api.github.com/users/Yoyokrazy/starred{/owner}{/repo}', 'subscriptions_url': 'https://api.github.com/users/Yoyokrazy/subscriptions', 'organizations_url': 'https://api.github.com/users/Yoyokrazy/orgs', 'repos_url': 'https://api.github.com/users/Yoyokrazy/repos', 'events_url': 'https://api.github.com/users/Yoyokrazy/events{/privacy}', 'received_events_url': 'https://api.github.com/users/Yoyokrazy/received_events', 'type': 'User', 'site_admin': False}, 'open_issues': 282, 'closed_issues': 856, 'state': 'open', 'created_at': '2024-07-26T00:22:12Z', 'updated_at': '2024-09-23T09:46:45Z', 'due_on': '2024-10-04T07:00:00Z', 'closed_at': None}",0,2024-09-23T07:30:15Z,2024-09-23T07:48:45Z,2024-09-23T07:48:44Z,COLLABORATOR,,False,"{'url': 'https://api.github.com/repos/microsoft/vscode/pulls/229336', 'html_url': 'https://github.com/microsoft/vscode/pull/229336', 'diff_url': 'https://github.com/microsoft/vscode/pull/229336.diff', 'patch_url': 'https://github.com/microsoft/vscode/pull/229336.patch', 'merged_at': '2024-09-23T07:48:44Z'}","<!-- Thank you for submitting a Pull Request. Please:
* Read our Pull Request guidelines:
  https://github.com/microsoft/vscode/wiki/How-to-Contribute#pull-requests
* Associate an issue with the Pull Request.
* Ensure that the code is up-to-date with the `main` branch.
* Include a description of the proposed changes and how to test them.
-->
","{'login': 'bhavyaus', 'id': 25044782, 'node_id': 'MDQ6VXNlcjI1MDQ0Nzgy', 'avatar_url': 'https://avatars.githubusercontent.com/u/25044782?v=4', 'gravatar_id': '', 'url': 'https://api.github.com/users/bhavyaus', 'html_url': 'https://github.com/bhavyaus', 'followers_url': 'https://api.github.com/users/bhavyaus/followers', 'following_url': 'https://api.github.com/users/bhavyaus/following{/other_user}', 'gists_url': 'https://api.github.com/users/bhavyaus/gists{/gist_id}', 'starred_url': 'https://api.github.com/users/bhavyaus/starred{/owner}{/repo}', 'subscriptions_url': 'https://api.github.com/users/bhavyaus/subscriptions', 'organizations_url': 'https://api.github.com/users/bhavyaus/orgs', 'repos_url': 'https://api.github.com/users/bhavyaus/repos', 'events_url': 'https://api.github.com/users/bhavyaus/events{/privacy}', 'received_events_url': 'https://api.github.com/users/bhavyaus/received_events', 'type': 'User', 'site_admin': True}","{'url': 'https://api.github.com/repos/microsoft/vscode/issues/229336/reactions', 'total_count': 0, '+1': 0, '-1': 0, 'laugh': 0, 'hooray': 0, 'confused': 0, 'heart': 0, 'rocket': 0, 'eyes': 0}",https://api.github.com/repos/microsoft/vscode/issues/229336/timeline,,
https://api.github.com/repos/microsoft/vscode/issues/229332,https://api.github.com/repos/microsoft/vscode,https://api.github.com/repos/microsoft/vscode/issues/229332/labels{/name},https://api.github.com/repos/microsoft/vscode/issues/229332/comments,https://api.github.com/repos/microsoft/vscode/issues/229332/events,https://github.com/microsoft/vscode/issues/229332,2541601483,I_kwDOAn8RLM6XfcLL,229332,Missing Access-Control-Allow-Origin header for requests made to emergency alert endpoint,"{'login': 'deepak1556', 'id': 964386, 'node_id': 'MDQ6VXNlcjk2NDM4Ng==', 'avatar_url': 'https://avatars.githubusercontent.com/u/964386?v=4', 'gravatar_id': '', 'url': 'https://api.github.com/users/deepak1556', 'html_url': 'https://github.com/deepak1556', 'followers_url': 'https://api.github.com/users/deepak1556/followers', 'following_url': 'https://api.github.com/users/deepak1556/following{/other_user}', 'gists_url': 'https://api.github.com/users/deepak1556/gists{/gist_id}', 'starred_url': 'https://api.github.com/users/deepak1556/starred{/owner}{/repo}', 'subscriptions_url': 'https://api.github.com/users/deepak1556/subscriptions', 'organizations_url': 'https://api.github.com/users/deepak1556/orgs', 'repos_url': 'https://api.github.com/users/deepak1556/repos', 'events_url': 'https://api.github.com/users/deepak1556/events{/privacy}', 'received_events_url': 'https://api.github.com/users/deepak1556/received_events', 'type': 'User', 'site_admin': False}","[{'id': 366106217, 'node_id': 'MDU6TGFiZWwzNjYxMDYyMTc=', 'url': 'https://api.github.com/repos/microsoft/vscode/labels/*duplicate', 'name': '*duplicate', 'color': 'E2A1C2', 'default': False, 'description': 'Issue identified as a duplicate of another issue(s)'}]",closed,False,"{'login': 'bpasero', 'id': 900690, 'node_id': 'MDQ6VXNlcjkwMDY5MA==', 'avatar_url': 'https://avatars.githubusercontent.com/u/900690?v=4', 'gravatar_id': '', 'url': 'https://api.github.com/users/bpasero', 'html_url': 'https://github.com/bpasero', 'followers_url': 'https://api.github.com/users/bpasero/followers', 'following_url': 'https://api.github.com/users/bpasero/following{/other_user}', 'gists_url': 'https://api.github.com/users/bpasero/gists{/gist_id}', 'starred_url': 'https://api.github.com/users/bpasero/starred{/owner}{/repo}', 'subscriptions_url': 'https://api.github.com/users/bpasero/subscriptions', 'organizations_url': 'https://api.github.com/users/bpasero/orgs', 'repos_url': 'https://api.github.com/users/bpasero/repos', 'events_url': 'https://api.github.com/users/bpasero/events{/privacy}', 'received_events_url': 'https://api.github.com/users/bpasero/received_events', 'type': 'User', 'site_admin': True}","[{'login': 'bpasero', 'id': 900690, 'node_id': 'MDQ6VXNlcjkwMDY5MA==', 'avatar_url': 'https://avatars.githubusercontent.com/u/900690?v=4', 'gravatar_id': '', 'url': 'https://api.github.com/users/bpasero', 'html_url': 'https://github.com/bpasero', 'followers_url': 'https://api.github.com/users/bpasero/followers', 'following_url': 'https://api.github.com/users/bpasero/following{/other_user}', 'gists_url': 'https://api.github.com/users/bpasero/gists{/gist_id}', 'starred_url': 'https://api.github.com/users/bpasero/starred{/owner}{/repo}', 'subscriptions_url': 'https://api.github.com/users/bpasero/subscriptions', 'organizations_url': 'https://api.github.com/users/bpasero/orgs', 'repos_url': 'https://api.github.com/users/bpasero/repos', 'events_url': 'https://api.github.com/users/bpasero/events{/privacy}', 'received_events_url': 'https://api.github.com/users/bpasero/received_events', 'type': 'User', 'site_admin': True}]",,2,2024-09-23T05:22:25Z,2024-09-23T07:36:58Z,2024-09-23T07:36:56Z,COLLABORATOR,,,,"https://github.com/microsoft/vscode/blob/main/src/vs/workbench/contrib/emergencyAlert/electron-sandbox/emergencyAlert.contribution.ts sends request from the workbench which has origin `vscode-file://vscode-app` that fails due to missing response headers.

```
Access to fetch at 'https://main.vscode-cdn.net/core/insiders.json' from origin 'vscode-file://vscode-app' has been blocked by
CORS policy: No 'Access-Control-Allow-Origin' header is present on the requested resource. If an opaque response serves your
needs, set the request's mode to 'no-cors' to fetch the resource with CORS disabled.
```","{'login': 'vs-code-engineering[bot]', 'id': 122617954, 'node_id': 'BOT_kgDOB08AYg', 'avatar_url': 'https://avatars.githubusercontent.com/in/281319?v=4', 'gravatar_id': '', 'url': 'https://api.github.com/users/vs-code-engineering%5Bbot%5D', 'html_url': 'https://github.com/apps/vs-code-engineering', 'followers_url': 'https://api.github.com/users/vs-code-engineering%5Bbot%5D/followers', 'following_url': 'https://api.github.com/users/vs-code-engineering%5Bbot%5D/following{/other_user}', 'gists_url': 'https://api.github.com/users/vs-code-engineering%5Bbot%5D/gists{/gist_id}', 'starred_url': 'https://api.github.com/users/vs-code-engineering%5Bbot%5D/starred{/owner}{/repo}', 'subscriptions_url': 'https://api.github.com/users/vs-code-engineering%5Bbot%5D/subscriptions', 'organizations_url': 'https://api.github.com/users/vs-code-engineering%5Bbot%5D/orgs', 'repos_url': 'https://api.github.com/users/vs-code-engineering%5Bbot%5D/repos', 'events_url': 'https://api.github.com/users/vs-code-engineering%5Bbot%5D/events{/privacy}', 'received_events_url': 'https://api.github.com/users/vs-code-engineering%5Bbot%5D/received_events', 'type': 'Bot', 'site_admin': False}","{'url': 'https://api.github.com/repos/microsoft/vscode/issues/229332/reactions', 'total_count': 0, '+1': 0, '-1': 0, 'laugh': 0, 'hooray': 0, 'confused': 0, 'heart': 0, 'rocket': 0, 'eyes': 0}",https://api.github.com/repos/microsoft/vscode/issues/229332/timeline,,not_planned
https://api.github.com/repos/microsoft/vscode/issues/229330,https://api.github.com/repos/microsoft/vscode,https://api.github.com/repos/microsoft/vscode/issues/229330/labels{/name},https://api.github.com/repos/microsoft/vscode/issues/229330/comments,https://api.github.com/repos/microsoft/vscode/issues/229330/events,https://github.com/microsoft/vscode/pull/229330,2541551608,PR_kwDOAn8RLM58T7b6,229330,build: add npmrc to remote/web folder,"{'login': 'deepak1556', 'id': 964386, 'node_id': 'MDQ6VXNlcjk2NDM4Ng==', 'avatar_url': 'https://avatars.githubusercontent.com/u/964386?v=4', 'gravatar_id': '', 'url': 'https://api.github.com/users/deepak1556', 'html_url': 'https://github.com/deepak1556', 'followers_url': 'https://api.github.com/users/deepak1556/followers', 'following_url': 'https://api.github.com/users/deepak1556/following{/other_user}', 'gists_url': 'https://api.github.com/users/deepak1556/gists{/gist_id}', 'starred_url': 'https://api.github.com/users/deepak1556/starred{/owner}{/repo}', 'subscriptions_url': 'https://api.github.com/users/deepak1556/subscriptions', 'organizations_url': 'https://api.github.com/users/deepak1556/orgs', 'repos_url': 'https://api.github.com/users/deepak1556/repos', 'events_url': 'https://api.github.com/users/deepak1556/events{/privacy}', 'received_events_url': 'https://api.github.com/users/deepak1556/received_events', 'type': 'User', 'site_admin': False}",[],closed,False,"{'login': 'deepak1556', 'id': 964386, 'node_id': 'MDQ6VXNlcjk2NDM4Ng==', 'avatar_url': 'https://avatars.githubusercontent.com/u/964386?v=4', 'gravatar_id': '', 'url': 'https://api.github.com/users/deepak1556', 'html_url': 'https://github.com/deepak1556', 'followers_url': 'https://api.github.com/users/deepak1556/followers', 'following_url': 'https://api.github.com/users/deepak1556/following{/other_user}', 'gists_url': 'https://api.github.com/users/deepak1556/gists{/gist_id}', 'starred_url': 'https://api.github.com/users/deepak1556/starred{/owner}{/repo}', 'subscriptions_url': 'https://api.github.com/users/deepak1556/subscriptions', 'organizations_url': 'https://api.github.com/users/deepak1556/orgs', 'repos_url': 'https://api.github.com/users/deepak1556/repos', 'events_url': 'https://api.github.com/users/deepak1556/events{/privacy}', 'received_events_url': 'https://api.github.com/users/deepak1556/received_events', 'type': 'User', 'site_admin': False}","[{'login': 'deepak1556', 'id': 964386, 'node_id': 'MDQ6VXNlcjk2NDM4Ng==', 'avatar_url': 'https://avatars.githubusercontent.com/u/964386?v=4', 'gravatar_id': '', 'url': 'https://api.github.com/users/deepak1556', 'html_url': 'https://github.com/deepak1556', 'followers_url': 'https://api.github.com/users/deepak1556/followers', 'following_url': 'https://api.github.com/users/deepak1556/following{/other_user}', 'gists_url': 'https://api.github.com/users/deepak1556/gists{/gist_id}', 'starred_url': 'https://api.github.com/users/deepak1556/starred{/owner}{/repo}', 'subscriptions_url': 'https://api.github.com/users/deepak1556/subscriptions', 'organizations_url': 'https://api.github.com/users/deepak1556/orgs', 'repos_url': 'https://api.github.com/users/deepak1556/repos', 'events_url': 'https://api.github.com/users/deepak1556/events{/privacy}', 'received_events_url': 'https://api.github.com/users/deepak1556/received_events', 'type': 'User', 'site_admin': False}]","{'url': 'https://api.github.com/repos/microsoft/vscode/milestones/277', 'html_url': 'https://github.com/microsoft/vscode/milestone/277', 'labels_url': 'https://api.github.com/repos/microsoft/vscode/milestones/277/labels', 'id': 11361577, 'node_id': 'MI_kwDOAn8RLM4ArV0p', 'number': 277, 'title': 'September 2024', 'description': '', 'creator': {'login': 'Yoyokrazy', 'id': 12552271, 'node_id': 'MDQ6VXNlcjEyNTUyMjcx', 'avatar_url': 'https://avatars.githubusercontent.com/u/12552271?v=4', 'gravatar_id': '', 'url': 'https://api.github.com/users/Yoyokrazy', 'html_url': 'https://github.com/Yoyokrazy', 'followers_url': 'https://api.github.com/users/Yoyokrazy/followers', 'following_url': 'https://api.github.com/users/Yoyokrazy/following{/other_user}', 'gists_url': 'https://api.github.com/users/Yoyokrazy/gists{/gist_id}', 'starred_url': 'https://api.github.com/users/Yoyokrazy/starred{/owner}{/repo}', 'subscriptions_url': 'https://api.github.com/users/Yoyokrazy/subscriptions', 'organizations_url': 'https://api.github.com/users/Yoyokrazy/orgs', 'repos_url': 'https://api.github.com/users/Yoyokrazy/repos', 'events_url': 'https://api.github.com/users/Yoyokrazy/events{/privacy}', 'received_events_url': 'https://api.github.com/users/Yoyokrazy/received_events', 'type': 'User', 'site_admin': False}, 'open_issues': 282, 'closed_issues': 856, 'state': 'open', 'created_at': '2024-07-26T00:22:12Z', 'updated_at': '2024-09-23T09:46:45Z', 'due_on': '2024-10-04T07:00:00Z', 'closed_at': None}",0,2024-09-23T04:33:22Z,2024-09-23T04:57:06Z,2024-09-23T04:57:05Z,COLLABORATOR,,False,"{'url': 'https://api.github.com/repos/microsoft/vscode/pulls/229330', 'html_url': 'https://github.com/microsoft/vscode/pull/229330', 'diff_url': 'https://github.com/microsoft/vscode/pull/229330.diff', 'patch_url': 'https://github.com/microsoft/vscode/pull/229330.patch', 'merged_at': '2024-09-23T04:57:05Z'}","`remote/web` takes the configuration from root when run via postinstall step, but if a user were to `cd remote/web` and run `npm i` then system configuration will be applied.

Addressed accidental change via https://github.com/microsoft/vscode/commit/31e1cb3e716cf2b0579ebb6c6f723ba9b3717662

FYI @Tyriar ","{'login': 'deepak1556', 'id': 964386, 'node_id': 'MDQ6VXNlcjk2NDM4Ng==', 'avatar_url': 'https://avatars.githubusercontent.com/u/964386?v=4', 'gravatar_id': '', 'url': 'https://api.github.com/users/deepak1556', 'html_url': 'https://github.com/deepak1556', 'followers_url': 'https://api.github.com/users/deepak1556/followers', 'following_url': 'https://api.github.com/users/deepak1556/following{/other_user}', 'gists_url': 'https://api.github.com/users/deepak1556/gists{/gist_id}', 'starred_url': 'https://api.github.com/users/deepak1556/starred{/owner}{/repo}', 'subscriptions_url': 'https://api.github.com/users/deepak1556/subscriptions', 'organizations_url': 'https://api.github.com/users/deepak1556/orgs', 'repos_url': 'https://api.github.com/users/deepak1556/repos', 'events_url': 'https://api.github.com/users/deepak1556/events{/privacy}', 'received_events_url': 'https://api.github.com/users/deepak1556/received_events', 'type': 'User', 'site_admin': False}","{'url': 'https://api.github.com/repos/microsoft/vscode/issues/229330/reactions', 'total_count': 0, '+1': 0, '-1': 0, 'laugh': 0, 'hooray': 0, 'confused': 0, 'heart': 0, 'rocket': 0, 'eyes': 0}",https://api.github.com/repos/microsoft/vscode/issues/229330/timeline,,
https://api.github.com/repos/microsoft/vscode/issues/229329,https://api.github.com/repos/microsoft/vscode,https://api.github.com/repos/microsoft/vscode/issues/229329/labels{/name},https://api.github.com/repos/microsoft/vscode/issues/229329/comments,https://api.github.com/repos/microsoft/vscode/issues/229329/events,https://github.com/microsoft/vscode/pull/229329,2541541885,PR_kwDOAn8RLM58T5Or,229329,chore: bump electron@30.5.1,"{'login': 'deepak1556', 'id': 964386, 'node_id': 'MDQ6VXNlcjk2NDM4Ng==', 'avatar_url': 'https://avatars.githubusercontent.com/u/964386?v=4', 'gravatar_id': '', 'url': 'https://api.github.com/users/deepak1556', 'html_url': 'https://github.com/deepak1556', 'followers_url': 'https://api.github.com/users/deepak1556/followers', 'following_url': 'https://api.github.com/users/deepak1556/following{/other_user}', 'gists_url': 'https://api.github.com/users/deepak1556/gists{/gist_id}', 'starred_url': 'https://api.github.com/users/deepak1556/starred{/owner}{/repo}', 'subscriptions_url': 'https://api.github.com/users/deepak1556/subscriptions', 'organizations_url': 'https://api.github.com/users/deepak1556/orgs', 'repos_url': 'https://api.github.com/users/deepak1556/repos', 'events_url': 'https://api.github.com/users/deepak1556/events{/privacy}', 'received_events_url': 'https://api.github.com/users/deepak1556/received_events', 'type': 'User', 'site_admin': False}",[],closed,False,"{'login': 'deepak1556', 'id': 964386, 'node_id': 'MDQ6VXNlcjk2NDM4Ng==', 'avatar_url': 'https://avatars.githubusercontent.com/u/964386?v=4', 'gravatar_id': '', 'url': 'https://api.github.com/users/deepak1556', 'html_url': 'https://github.com/deepak1556', 'followers_url': 'https://api.github.com/users/deepak1556/followers', 'following_url': 'https://api.github.com/users/deepak1556/following{/other_user}', 'gists_url': 'https://api.github.com/users/deepak1556/gists{/gist_id}', 'starred_url': 'https://api.github.com/users/deepak1556/starred{/owner}{/repo}', 'subscriptions_url': 'https://api.github.com/users/deepak1556/subscriptions', 'organizations_url': 'https://api.github.com/users/deepak1556/orgs', 'repos_url': 'https://api.github.com/users/deepak1556/repos', 'events_url': 'https://api.github.com/users/deepak1556/events{/privacy}', 'received_events_url': 'https://api.github.com/users/deepak1556/received_events', 'type': 'User', 'site_admin': False}","[{'login': 'deepak1556', 'id': 964386, 'node_id': 'MDQ6VXNlcjk2NDM4Ng==', 'avatar_url': 'https://avatars.githubusercontent.com/u/964386?v=4', 'gravatar_id': '', 'url': 'https://api.github.com/users/deepak1556', 'html_url': 'https://github.com/deepak1556', 'followers_url': 'https://api.github.com/users/deepak1556/followers', 'following_url': 'https://api.github.com/users/deepak1556/following{/other_user}', 'gists_url': 'https://api.github.com/users/deepak1556/gists{/gist_id}', 'starred_url': 'https://api.github.com/users/deepak1556/starred{/owner}{/repo}', 'subscriptions_url': 'https://api.github.com/users/deepak1556/subscriptions', 'organizations_url': 'https://api.github.com/users/deepak1556/orgs', 'repos_url': 'https://api.github.com/users/deepak1556/repos', 'events_url': 'https://api.github.com/users/deepak1556/events{/privacy}', 'received_events_url': 'https://api.github.com/users/deepak1556/received_events', 'type': 'User', 'site_admin': False}]","{'url': 'https://api.github.com/repos/microsoft/vscode/milestones/277', 'html_url': 'https://github.com/microsoft/vscode/milestone/277', 'labels_url': 'https://api.github.com/repos/microsoft/vscode/milestones/277/labels', 'id': 11361577, 'node_id': 'MI_kwDOAn8RLM4ArV0p', 'number': 277, 'title': 'September 2024', 'description': '', 'creator': {'login': 'Yoyokrazy', 'id': 12552271, 'node_id': 'MDQ6VXNlcjEyNTUyMjcx', 'avatar_url': 'https://avatars.githubusercontent.com/u/12552271?v=4', 'gravatar_id': '', 'url': 'https://api.github.com/users/Yoyokrazy', 'html_url': 'https://github.com/Yoyokrazy', 'followers_url': 'https://api.github.com/users/Yoyokrazy/followers', 'following_url': 'https://api.github.com/users/Yoyokrazy/following{/other_user}', 'gists_url': 'https://api.github.com/users/Yoyokrazy/gists{/gist_id}', 'starred_url': 'https://api.github.com/users/Yoyokrazy/starred{/owner}{/repo}', 'subscriptions_url': 'https://api.github.com/users/Yoyokrazy/subscriptions', 'organizations_url': 'https://api.github.com/users/Yoyokrazy/orgs', 'repos_url': 'https://api.github.com/users/Yoyokrazy/repos', 'events_url': 'https://api.github.com/users/Yoyokrazy/events{/privacy}', 'received_events_url': 'https://api.github.com/users/Yoyokrazy/received_events', 'type': 'User', 'site_admin': False}, 'open_issues': 282, 'closed_issues': 856, 'state': 'open', 'created_at': '2024-07-26T00:22:12Z', 'updated_at': '2024-09-23T09:46:45Z', 'due_on': '2024-10-04T07:00:00Z', 'closed_at': None}",0,2024-09-23T04:23:35Z,2024-09-23T07:38:36Z,2024-09-23T07:38:35Z,COLLABORATOR,,False,"{'url': 'https://api.github.com/repos/microsoft/vscode/pulls/229329', 'html_url': 'https://github.com/microsoft/vscode/pull/229329', 'diff_url': 'https://github.com/microsoft/vscode/pull/229329.diff', 'patch_url': 'https://github.com/microsoft/vscode/pull/229329.patch', 'merged_at': '2024-09-23T07:38:35Z'}","* Backports https://github.com/electron/electron/pull/43774/commits/0f45d14a9a9cf22627451319a7e6d7f44bb3fea8 to support telemetry for utility process, refs https://github.com/microsoft/vscode/issues/202385

Fixes https://github.com/microsoft/vscode/issues/213780","{'login': 'deepak1556', 'id': 964386, 'node_id': 'MDQ6VXNlcjk2NDM4Ng==', 'avatar_url': 'https://avatars.githubusercontent.com/u/964386?v=4', 'gravatar_id': '', 'url': 'https://api.github.com/users/deepak1556', 'html_url': 'https://github.com/deepak1556', 'followers_url': 'https://api.github.com/users/deepak1556/followers', 'following_url': 'https://api.github.com/users/deepak1556/following{/other_user}', 'gists_url': 'https://api.github.com/users/deepak1556/gists{/gist_id}', 'starred_url': 'https://api.github.com/users/deepak1556/starred{/owner}{/repo}', 'subscriptions_url': 'https://api.github.com/users/deepak1556/subscriptions', 'organizations_url': 'https://api.github.com/users/deepak1556/orgs', 'repos_url': 'https://api.github.com/users/deepak1556/repos', 'events_url': 'https://api.github.com/users/deepak1556/events{/privacy}', 'received_events_url': 'https://api.github.com/users/deepak1556/received_events', 'type': 'User', 'site_admin': False}","{'url': 'https://api.github.com/repos/microsoft/vscode/issues/229329/reactions', 'total_count': 0, '+1': 0, '-1': 0, 'laugh': 0, 'hooray': 0, 'confused': 0, 'heart': 0, 'rocket': 0, 'eyes': 0}",https://api.github.com/repos/microsoft/vscode/issues/229329/timeline,,
https://api.github.com/repos/microsoft/vscode/issues/229328,https://api.github.com/repos/microsoft/vscode,https://api.github.com/repos/microsoft/vscode/issues/229328/labels{/name},https://api.github.com/repos/microsoft/vscode/issues/229328/comments,https://api.github.com/repos/microsoft/vscode/issues/229328/events,https://github.com/microsoft/vscode/pull/229328,2541509786,PR_kwDOAn8RLM58TyDv,229328,"Fix welcome page ""Go Back""","{'login': 'bhavyaus', 'id': 25044782, 'node_id': 'MDQ6VXNlcjI1MDQ0Nzgy', 'avatar_url': 'https://avatars.githubusercontent.com/u/25044782?v=4', 'gravatar_id': '', 'url': 'https://api.github.com/users/bhavyaus', 'html_url': 'https://github.com/bhavyaus', 'followers_url': 'https://api.github.com/users/bhavyaus/followers', 'following_url': 'https://api.github.com/users/bhavyaus/following{/other_user}', 'gists_url': 'https://api.github.com/users/bhavyaus/gists{/gist_id}', 'starred_url': 'https://api.github.com/users/bhavyaus/starred{/owner}{/repo}', 'subscriptions_url': 'https://api.github.com/users/bhavyaus/subscriptions', 'organizations_url': 'https://api.github.com/users/bhavyaus/orgs', 'repos_url': 'https://api.github.com/users/bhavyaus/repos', 'events_url': 'https://api.github.com/users/bhavyaus/events{/privacy}', 'received_events_url': 'https://api.github.com/users/bhavyaus/received_events', 'type': 'User', 'site_admin': True}",[],closed,False,"{'login': 'bhavyaus', 'id': 25044782, 'node_id': 'MDQ6VXNlcjI1MDQ0Nzgy', 'avatar_url': 'https://avatars.githubusercontent.com/u/25044782?v=4', 'gravatar_id': '', 'url': 'https://api.github.com/users/bhavyaus', 'html_url': 'https://github.com/bhavyaus', 'followers_url': 'https://api.github.com/users/bhavyaus/followers', 'following_url': 'https://api.github.com/users/bhavyaus/following{/other_user}', 'gists_url': 'https://api.github.com/users/bhavyaus/gists{/gist_id}', 'starred_url': 'https://api.github.com/users/bhavyaus/starred{/owner}{/repo}', 'subscriptions_url': 'https://api.github.com/users/bhavyaus/subscriptions', 'organizations_url': 'https://api.github.com/users/bhavyaus/orgs', 'repos_url': 'https://api.github.com/users/bhavyaus/repos', 'events_url': 'https://api.github.com/users/bhavyaus/events{/privacy}', 'received_events_url': 'https://api.github.com/users/bhavyaus/received_events', 'type': 'User', 'site_admin': True}","[{'login': 'bhavyaus', 'id': 25044782, 'node_id': 'MDQ6VXNlcjI1MDQ0Nzgy', 'avatar_url': 'https://avatars.githubusercontent.com/u/25044782?v=4', 'gravatar_id': '', 'url': 'https://api.github.com/users/bhavyaus', 'html_url': 'https://github.com/bhavyaus', 'followers_url': 'https://api.github.com/users/bhavyaus/followers', 'following_url': 'https://api.github.com/users/bhavyaus/following{/other_user}', 'gists_url': 'https://api.github.com/users/bhavyaus/gists{/gist_id}', 'starred_url': 'https://api.github.com/users/bhavyaus/starred{/owner}{/repo}', 'subscriptions_url': 'https://api.github.com/users/bhavyaus/subscriptions', 'organizations_url': 'https://api.github.com/users/bhavyaus/orgs', 'repos_url': 'https://api.github.com/users/bhavyaus/repos', 'events_url': 'https://api.github.com/users/bhavyaus/events{/privacy}', 'received_events_url': 'https://api.github.com/users/bhavyaus/received_events', 'type': 'User', 'site_admin': True}]","{'url': 'https://api.github.com/repos/microsoft/vscode/milestones/277', 'html_url': 'https://github.com/microsoft/vscode/milestone/277', 'labels_url': 'https://api.github.com/repos/microsoft/vscode/milestones/277/labels', 'id': 11361577, 'node_id': 'MI_kwDOAn8RLM4ArV0p', 'number': 277, 'title': 'September 2024', 'description': '', 'creator': {'login': 'Yoyokrazy', 'id': 12552271, 'node_id': 'MDQ6VXNlcjEyNTUyMjcx', 'avatar_url': 'https://avatars.githubusercontent.com/u/12552271?v=4', 'gravatar_id': '', 'url': 'https://api.github.com/users/Yoyokrazy', 'html_url': 'https://github.com/Yoyokrazy', 'followers_url': 'https://api.github.com/users/Yoyokrazy/followers', 'following_url': 'https://api.github.com/users/Yoyokrazy/following{/other_user}', 'gists_url': 'https://api.github.com/users/Yoyokrazy/gists{/gist_id}', 'starred_url': 'https://api.github.com/users/Yoyokrazy/starred{/owner}{/repo}', 'subscriptions_url': 'https://api.github.com/users/Yoyokrazy/subscriptions', 'organizations_url': 'https://api.github.com/users/Yoyokrazy/orgs', 'repos_url': 'https://api.github.com/users/Yoyokrazy/repos', 'events_url': 'https://api.github.com/users/Yoyokrazy/events{/privacy}', 'received_events_url': 'https://api.github.com/users/Yoyokrazy/received_events', 'type': 'User', 'site_admin': False}, 'open_issues': 282, 'closed_issues': 856, 'state': 'open', 'created_at': '2024-07-26T00:22:12Z', 'updated_at': '2024-09-23T09:46:45Z', 'due_on': '2024-10-04T07:00:00Z', 'closed_at': None}",0,2024-09-23T03:48:12Z,2024-09-23T04:36:55Z,2024-09-23T04:36:54Z,COLLABORATOR,,False,"{'url': 'https://api.github.com/repos/microsoft/vscode/pulls/229328', 'html_url': 'https://github.com/microsoft/vscode/pull/229328', 'diff_url': 'https://github.com/microsoft/vscode/pull/229328.diff', 'patch_url': 'https://github.com/microsoft/vscode/pull/229328.patch', 'merged_at': '2024-09-23T04:36:54Z'}","Fixes: 
https://github.com/microsoft/vscode/issues/228946","{'login': 'bhavyaus', 'id': 25044782, 'node_id': 'MDQ6VXNlcjI1MDQ0Nzgy', 'avatar_url': 'https://avatars.githubusercontent.com/u/25044782?v=4', 'gravatar_id': '', 'url': 'https://api.github.com/users/bhavyaus', 'html_url': 'https://github.com/bhavyaus', 'followers_url': 'https://api.github.com/users/bhavyaus/followers', 'following_url': 'https://api.github.com/users/bhavyaus/following{/other_user}', 'gists_url': 'https://api.github.com/users/bhavyaus/gists{/gist_id}', 'starred_url': 'https://api.github.com/users/bhavyaus/starred{/owner}{/repo}', 'subscriptions_url': 'https://api.github.com/users/bhavyaus/subscriptions', 'organizations_url': 'https://api.github.com/users/bhavyaus/orgs', 'repos_url': 'https://api.github.com/users/bhavyaus/repos', 'events_url': 'https://api.github.com/users/bhavyaus/events{/privacy}', 'received_events_url': 'https://api.github.com/users/bhavyaus/received_events', 'type': 'User', 'site_admin': True}","{'url': 'https://api.github.com/repos/microsoft/vscode/issues/229328/reactions', 'total_count': 0, '+1': 0, '-1': 0, 'laugh': 0, 'hooray': 0, 'confused': 0, 'heart': 0, 'rocket': 0, 'eyes': 0}",https://api.github.com/repos/microsoft/vscode/issues/229328/timeline,,
https://api.github.com/repos/microsoft/vscode/issues/229327,https://api.github.com/repos/microsoft/vscode,https://api.github.com/repos/microsoft/vscode/issues/229327/labels{/name},https://api.github.com/repos/microsoft/vscode/issues/229327/comments,https://api.github.com/repos/microsoft/vscode/issues/229327/events,https://github.com/microsoft/vscode/issues/229327,2541485819,I_kwDOAn8RLM6Xe_77,229327,Slowly open a new terminal,"{'login': 'Timeless0911', 'id': 50201324, 'node_id': 'MDQ6VXNlcjUwMjAxMzI0', 'avatar_url': 'https://avatars.githubusercontent.com/u/50201324?v=4', 'gravatar_id': '', 'url': 'https://api.github.com/users/Timeless0911', 'html_url': 'https://github.com/Timeless0911', 'followers_url': 'https://api.github.com/users/Timeless0911/followers', 'following_url': 'https://api.github.com/users/Timeless0911/following{/other_user}', 'gists_url': 'https://api.github.com/users/Timeless0911/gists{/gist_id}', 'starred_url': 'https://api.github.com/users/Timeless0911/starred{/owner}{/repo}', 'subscriptions_url': 'https://api.github.com/users/Timeless0911/subscriptions', 'organizations_url': 'https://api.github.com/users/Timeless0911/orgs', 'repos_url': 'https://api.github.com/users/Timeless0911/repos', 'events_url': 'https://api.github.com/users/Timeless0911/events{/privacy}', 'received_events_url': 'https://api.github.com/users/Timeless0911/received_events', 'type': 'User', 'site_admin': False}",[],closed,False,,[],,0,2024-09-23T03:18:09Z,2024-09-23T03:18:58Z,2024-09-23T03:18:58Z,NONE,,,,"Type: <b>Performance Issue</b>

Modes:

<details>
<summary>System Info</summary>

|Item|Value|
|---|---|
|CPUs|Apple M1 Max (10 x 2400)|
|GPU Status|2d_canvas: enabled<br>canvas_oop_rasterization: enabled_on<br>direct_rendering_display_compositor: disabled_off_ok<br>gpu_compositing: enabled<br>multiple_raster_threads: enabled_on<br>opengl: enabled_on<br>rasterization: enabled<br>raw_draw: disabled_off_ok<br>skia_graphite: disabled_off<br>video_decode: enabled<br>video_encode: enabled<br>webgl: enabled<br>webgl2: enabled<br>webgpu: enabled<br>webnn: disabled_off|
|Load (avg)|7, 7, 9|
|Memory (System)|64.00GB (9.26GB free)|
|Process Argv|--crash-reporter-id 0d62a83a-9c6e-42e0-9818-4aa772869e7b|
|Screen Reader|yes|
|VM|0%|
</details><details>
<summary>Process Info</summary>

```
CPU %	Mem MB	   PID	Process
   18	   393	 82424	code main
    1	   131	 82427	   gpu-process
    0	    66	 82428	   utility-network-service
    2	   721	 82432	window [3] (package.json () (package.json)  rslib)
    1	   131	 82488	shared-process
    0	    66	 82505	ptyHost
    0	    66	 33186	     zsh (qterm)
    0	     0	 33194	       /bin/zsh --login
    0	    66	 82519	     zsh (qterm)
    0	     0	 82796	       /bin/zsh --login
    0	     0	 82549	     zsh (qterm)
    0	     0	 82884	       /bin/zsh --login
    0	     0	 82550	     zsh (qterm)
    0	     0	 82551	     zsh (qterm)
    0	     0	 82817	       /bin/zsh --login
    0	     0	 82629	     zsh (qterm)
    0	     0	 82878	       /bin/zsh --login
```

</details>
<details>
<summary>Workspace Info</summary>

```
|  Window (package.json () (package.json)  rslib)
|    Folder (rslib): 873 files
|      File types: ts(258) json(136) js(46) md(13) html(13) yml(11) tsx(11)
|                  mdx(10) cjs(7) snap(7)
|      Conf files: package.json(84) tsconfig.json(27) github-actions(7)
|                  settings.json(1);
```

</details>
<details><summary>Extensions (33)</summary>

Extension|Author (truncated)|Version
---|---|---
codesnap|adp|1.3.4
codewhisperer-for-command-line-companion|ama|1.4.4
biome|bio|2.3.0
vscode-tailwindcss|bra|0.12.10
gallery|byt|0.6.23
vscode-eslint|dba|3.0.10
githistory|don|0.6.20
rust-syntax|dus|0.6.1
gitlens|eam|2024.9.1916
prettier-vscode|esb|11.0.0
todo-tree|Gru|0.0.226
comment-translate|int|3.0.0
marscode-extension|Mar|1.1.16
git-graph|mhu|1.30.0
symbols|mig|0.0.20
vscode-language-pack-zh-hans|MS-|1.93.2024091109
vscode-js-profile-flame|ms-|1.0.9
color-highlight|nau|2.8.0
vscode-versionlens|pfl|1.14.2
material-icon-theme|PKi|5.10.0
gitlink|qez|1.2.4
rust-analyzer|rus|0.3.2112
markdown-preview-enhanced|shd|0.8.14
code-spell-checker|str|3.0.1
tabnine-vscode|Tab|3.157.0
even-better-toml|tam|0.19.2
vscode-mdx|uni|1.8.11
vscode-sort-package-json|uni|1.5.2
errorlens|use|3.20.0
explorer|vit|1.2.8
vscode-icons|vsc|12.9.0
vscode-js-console-utils|wht|0.7.0
material-theme|zhu|3.17.4


</details><details>
<summary>A/B Experiments</summary>

```
vsliv368:30146709
vspor879:30202332
vspor708:30202333
vspor363:30204092
vscod805:30301674
binariesv615:30325510
vsaa593cf:30376535
py29gd2263:31024239
c4g48928:30535728
azure-dev_surveyone:30548225
962ge761:30959799
pythongtdpath:30769146
pythonnoceb:30805159
asynctok:30898717
pythonmypyd1:30879173
h48ei257:31000450
pythontbext0:30879054
dsvsc016:30899300
dsvsc017:30899301
dsvsc018:30899302
cppperfnew:31000557
dsvsc020:30976470
pythonait:31006305
dsvsc021:30996838
f3je6385:31013174
a69g1124:31058053
dvdeprecation:31068756
dwnewjupytercf:31046870
newcmakeconfigv2:31071590
impr_priority:31102340
nativerepl1:31139838
refactort:31108082
pythonrstrctxt:31112756
flighttreat:31134774
wkspc-onlycs-t:31132770
wkspc-ranged-t:31125599
ei213698:31121563
iacca2:31138163

```

</details>

<!-- generated by issue reporter -->","{'login': 'Timeless0911', 'id': 50201324, 'node_id': 'MDQ6VXNlcjUwMjAxMzI0', 'avatar_url': 'https://avatars.githubusercontent.com/u/50201324?v=4', 'gravatar_id': '', 'url': 'https://api.github.com/users/Timeless0911', 'html_url': 'https://github.com/Timeless0911', 'followers_url': 'https://api.github.com/users/Timeless0911/followers', 'following_url': 'https://api.github.com/users/Timeless0911/following{/other_user}', 'gists_url': 'https://api.github.com/users/Timeless0911/gists{/gist_id}', 'starred_url': 'https://api.github.com/users/Timeless0911/starred{/owner}{/repo}', 'subscriptions_url': 'https://api.github.com/users/Timeless0911/subscriptions', 'organizations_url': 'https://api.github.com/users/Timeless0911/orgs', 'repos_url': 'https://api.github.com/users/Timeless0911/repos', 'events_url': 'https://api.github.com/users/Timeless0911/events{/privacy}', 'received_events_url': 'https://api.github.com/users/Timeless0911/received_events', 'type': 'User', 'site_admin': False}","{'url': 'https://api.github.com/repos/microsoft/vscode/issues/229327/reactions', 'total_count': 0, '+1': 0, '-1': 0, 'laugh': 0, 'hooray': 0, 'confused': 0, 'heart': 0, 'rocket': 0, 'eyes': 0}",https://api.github.com/repos/microsoft/vscode/issues/229327/timeline,,completed
