mjbvz,8392
Tyriar,10055
bpasero,12873
joaomoreno,8619
jrieken,11650
sandy081,7915
isidorn,6032
roblourens,4793
aeschli,4551
alexdima,7508
rebornix,4704
deepak1556,516
alexr00,2372
weinand,1164
meganrogge,3700
lszomoru,1322
connor4312,1775
sbatten,1601
dbaeumer,912
TylerLeonhardt,872
chrmarti,1138
JacksonKearl,3
hediet,1882
lramos15,890
RMacfarlane,0
rzhao271,624
egamma,266
andreamah,328
miguelsolorio,1
eamodio,48
ramya-rao-a,758
octref,601
waderyan,0
joyceerhl,701
chrisdias,88
bhavyaus,218
aiday-mar,1352
kieferrm,310
ulugbekna,263
benibenj,548
daviddossett,439
danyeh,63
amunger,710
justschen,241
gregvanl,0
Yoyokrazy,124
DonJayamanne,250
stevencl,4
bgashler1,94
tanhakabir,26
cleidigh,86
lukaschal,0
seanmcbreen,0
auchenberg,9
digitarald,119
sofianhn,0
vsccarl,0
michelkaporin,311
fiveisprime,4
hbons,32
MeghanKulkarni,20
mousetraps,3
johnliu369,0
eleanorjboyd,13
v-pavanp,0
sana-ajani,27
karrtikr,0
tsalinger,40
karthiknadig,6
gushuro,13
daviwil,8
Lixire,111
brettcannon,4
rchiodo,50
bamurtaugh,25
paulacamargo25,9
9at8,19
